source_id,url,fetched_at,http_status,content_type,content_length,content_sha256,etag,last_modified,outcome,raw_ref,reason,warnings
eudragmdp.gmp.noncompliance,https://eudragmdp.ema.europa.eu/inspections/gmpc/searchGMPNonCompliance.do?ctrl=searchGMPNCResultControlList&action=Page&param=0,2026-09-22T16:07:16Z,200,text/html;charset=UTF-8,33449,98d6154df77e132ad743912acf16a4fed77e3bf086b4ea96776756cbdde139d3,,,first_capture,raw/eudragmdp.gmp.noncompliance/2026/09/20260922T160716Z-98d6154df77e.html,,
eudragmdp.gmp.noncompliance,https://eudragmdp.ema.europa.eu/inspections/gmpc/searchGMPNonCompliance.do?ctrl=searchGMPNCResultControlList&action=ExportList,2026-09-22T16:07:26Z,200,application/vnd.ms-excel,38912,014bcc8c4f42d482cb8eaaf196215d2df8f36cc3cc4bdb9a47dbc136366b0865,,,first_capture,raw/eudragmdp.gmp.noncompliance/2026/09/20260922T160726Z-014bcc8c4f42.xls,,
eudragmdp.gmp.noncompliance,https://eudragmdp.ema.europa.eu/inspections/gmpc/searchGMPNonCompliance.do?ctrl=searchGMPNCResultControlList&action=Page&param=1,2026-09-22T16:07:33Z,200,text/html;charset=UTF-8,33800,5a40def74f525223de6802df0d87d00d19be11773aa339921b641e2c21d91a1e,,,first_capture,raw/eudragmdp.gmp.noncompliance/2026/09/20260922T160733Z-5a40def74f52.html,,
eudragmdp.gmp.noncompliance,https://eudragmdp.ema.europa.eu/inspections/gmpc/searchGMPNonCompliance.do?ctrl=searchGMPNCResultControlList&action=Page&param=2,2026-09-22T16:07:41Z,200,text/html;charset=UTF-8,33543,80f32125a6f5a0f7f0f7d20c2aec3870698af4332ce64975b4b1732c4aee7e5e,,,first_capture,raw/eudragmdp.gmp.noncompliance/2026/09/20260922T160741Z-80f32125a6f5.html,,
eudragmdp.gmp.noncompliance,https://eudragmdp.ema.europa.eu/inspections/gmpc/searchGMPNonCompliance.do?ctrl=searchGMPNCResultControlList&action=Page&param=3,2026-09-22T16:07:49Z,200,text/html;charset=UTF-8,33659,f7e6c726f1a3fdc0ba57a03e6b05659d85230721ef089444aaad530026f28585,,,first_capture,raw/eudragmdp.gmp.noncompliance/2026/09/20260922T160749Z-f7e6c726f1a3.html,,
eudragmdp.gmp.noncompliance,https://eudragmdp.ema.europa.eu/inspections/gmpc/searchGMPNonCompliance.do?ctrl=searchGMPNCResultControlList&action=Page&param=4,2026-09-22T16:07:56Z,200,text/html;charset=UTF-8,33711,c563a38a4e09f4484bb1a3c4a5fb8d762eca0afec985192026bc80547548a6f7,,,first_capture,raw/eudragmdp.gmp.noncompliance/2026/09/20260922T160756Z-c563a38a4e09.html,,
eudragmdp.gmp.noncompliance,https://eudragmdp.ema.europa.eu/inspections/gmpc/searchGMPNonCompliance.do?ctrl=searchGMPNCResultControlList&action=Page&param=5,2026-09-22T16:08:04Z,200,text/html;charset=UTF-8,33860,17fe2db75b9c8d0b561964397e82972ed595bfef56e3bb56d97b87c0b712b602,,,first_capture,raw/eudragmdp.gmp.noncompliance/2026/09/20260922T160804Z-17fe2db75b9c.html,,
eudragmdp.gmp.noncompliance,https://eudragmdp.ema.europa.eu/inspections/gmpc/searchGMPNonCompliance.do?ctrl=searchGMPNCResultControlList&action=Page&param=6,2026-09-22T16:08:12Z,200,text/html;charset=UTF-8,33594,296b075b23feb380f7da229e70a0eb514a50b4fb9cb77995a86379732ec3ed19,,,first_capture,raw/eudragmdp.gmp.noncompliance/2026/09/20260922T160812Z-296b075b23fe.html,,
eudragmdp.gmp.noncompliance,https://eudragmdp.ema.europa.eu/inspections/gmpc/searchGMPNonCompliance.do?ctrl=searchGMPNCResultControlList&action=Page&param=7,2026-09-22T16:08:19Z,200,text/html;charset=UTF-8,32468,55ff054dd6b1660993f2576887db2d2360299d7c29b0fe09d602d80cbd2b6ec3,,,first_capture,raw/eudragmdp.gmp.noncompliance/2026/09/20260922T160819Z-55ff054dd6b1.html,,
