Report Number,EudraGMDP Document Reference Number,MIA Number,Site Name,Site Address,OMS Location Identifier,City,Postcode,Country,Inspection End Date,Issue Date
MT/003NCR/2026,187173,,Aculife Healthcare Private Limited,"Unit 9, Village Sachana, Taluka Viramgam",LOC-100093954,Ahmedabad,382150,India,2026-07-14,2026-08-24
FT094/MH/001/2024/NCR,186887,,Ananta Medicare Limited,"Chak 17 M L Agro Food Park Road Riico Industrial Area, Udyog Vihar",LOC-100075811,Sri Ganganagar,335002,India,2026-07-09,2026-08-06
IT/NCR/01/H/2026,186598,,Avlab S.r.l.,Via Emilio Morosini 22,LOC-100088037,Milan,20135,Italy,2026-06-24,2026-07-23
PE010-5017,186339,6558,Laboratorios Eurisko S.L.,"Nave 3, Poligono Industrial El Moli",LOC-100037468,Sant Iscle De Vallalta,08359,Spain,2026-06-17,2026-07-13
BE/NC/2026/01,187127,,Lianyungang Guike Pharmaceutical Co. Ltd.,"No. 1 Xianfeng Road, Dapu Industrial Zone, Lianyungang Economic And Technological Development Zone",LOC-100027454,Lianyungang,222000,China,2026-06-12,2026-08-21
FIMEA/2026/003795,187670,,Xi'an Guokang Ruijin Pharmaceutical Co. Ltd.,"No. 10 No. 7 Jingwei Road, Jinghe Industrial Park, Gaolingxian",LOC-100096104,Xi’an,710299,China,2026-06-12,2026-09-21
INS-484650-105391479-21678300,186143,,Sichuan New Hawk Biotechnology Co. Ltd.,Industrial Park,LOC-100089353,Mianyang,621600,China,2026-04-24,2026-07-03
MT/003NCR/2026,185010,,Navesta Pharmaceuticals (Pvt) Ltd.,"107/a Nakandala Road Kindelpitiya, Millewa",LOC-100094681,Horana,12422,Sri Lanka,2026-04-21,2026-05-11
MT/002NCR/2026,184851,,Zenzi Pharmaceutical Industries Private Limited,"Plot No. H 53, M.I.D.C Additional Murbad, Thane",LOC-100061535,Kudavali,421401,India,2026-03-31,2026-05-05
NNGYK/34812-5/2026,184816,,Cadchem Laboratories Limited,"Village Jaula Khurd, Tehsil Derabassi, Lalru",LOC-100061396,Sahibzada Ajit Singh Nagar,140501,India,2026-03-18,2026-05-04
530-10/26-06/04; 381-13-08/310-26-06,184408,,Swiss Parenterals Limited,"Unit II Plot No. 402 412-414 Kerala Industrial Estate, GIDC Near Bavla",LOC-100051801,Ahmedabad,382220,India,2026-03-13,2026-04-17
530-10/26-06/03; 381-13-08/366-26-06,184409,,Swiss Parenterals Limited,"808 809 And 810 Kerala Industrial Estate, GIDC Near Bavla",LOC-100051804,Ahmedabad,382220,India,2026-03-13,2026-04-17
FT020/SA/002/2023/NCR,184031,,Eugia Pharma Specialities Limited,"Unit 2 A 1128 B 1127, RIICO Industrial Area Phase III, District Khairthal Tijara",LOC-100062231,Bhiwadi,301019,India,2026-02-27,2026-03-27
V2059716 2026-3152394,186968,0802-F,Belgica De Weerd B.V.,Van De Reijtstraat 21,LOC-100030547,Breda,4814 NE,Netherlands,2026-02-26,2026-08-11
FT127/MH/001/2026/NCR,183571,,Halewood Laboratories Private Limited,"Unit II Sub Plot No. 10, Unit 27 Insta Industrial Park, Village Rupa, Taluka Bavla",LOC-100098535,Ahmedabad,382220,India,2026-02-13,2026-03-10
2026_NCR_MEDBIO_003,185690,,Bio-Thera Solutions Ltd.,155 Yaotianhe Street Huangpu District,LOC-100050256,Guangzhou,511356,China,2026-02-12,2026-06-12
NNGYK/11120-1/2026,182795,,Panacea Biotec Pharma Limited,"Malpur, Baddi",LOC-100060994,Solan,173205,India,2026-01-31,2026-02-03
MT/001NCR/2026,183003,,Finecure Pharmaceuticals Limited,"Plot No Pf 5 And 6, Sanand Industrial Estate II, GIDC Sanand",LOC-100078218,Ahmedabad,382110,India,2026-01-14,2026-02-09
NL/H 25/2058195,184062,,Sun Pharmaceutical Industries Limited,"District Sirmour, Paonta Sahib",LOC-100018019,Village Ganguwala,173025,India,2025-12-31,2026-03-30
V2059716 2026-3158557,184499,1401-F,Produlab Pharma B.V.,Forellenweg 16,LOC-100021922,Raamsdonksveer,4941 SJ,Netherlands,2025-12-04,2026-04-21
V2059716 2026-3158557,184495,2132-F,Veyx-Pharma B.V.,Forellenweg 16,LOC-100021420,Raamsdonksveer,4941 SJ,Netherlands,2025-12-04,2026-04-21
V2059716 2026-3158557,184498,2639 - F,Produlab Pharma Production B.V.,Forellenweg 16,LOC-100025168,Raamsdonksveer,4941 SJ,Netherlands,2025-12-04,2026-04-21
CH25-0004,182734,,Hebei Shengxue Dacheng Pharmaceutical Co. Ltd.,"No 57 Zhangju Road, Luancheng",LOC-100069397,Shijiazhuang,051430,China,2025-12-02,2026-01-30
sukls441845/2025,181726,,Fagofarma s.r.o.,Vltavska 53,LOC-100087938,Roztoky,252 63,Czechia,2025-11-12,2025-12-16
sukls397498/2025,181727,,Fagofarma s.r.o.,Vltavska 53,LOC-100087938,Roztoky,252 63,Czechia,2025-11-12,2025-12-16
F068/S1/ME/001/2024/NCR,186348,F068/001/2024,Technophage Investigacao E Desenvolvimento Em Biotecnologia S.A.,Rua Henrique Paiva Couceiro 29,LOC-100053344,Amadora,2700-451,Portugal,2025-10-29,2026-07-13
BE/NC/2025/01,181576,,Sm Biomed Sdn. Bhd.,"Lot 90, Sungai Petani Industrial Estate",LOC-100026902,Sungai Petani,08000,Malaysia,2025-10-08,2025-12-11
IT/NRC/01/H/2025,180434,aM-14/2025,Valpharma International S.p.A.,Via Giambattista Morgagni 2,LOC-100014453,Pennabilli,47864,Italy,2025-09-19,2025-10-23
IT/NRC/01/H/2025,180435,aM-14/2025,Valpharma International S.p.A.,Via Giambattista Morgagni 2,LOC-100014453,Pennabilli,47864,Italy,2025-09-19,2025-10-23
NL/V 25/2056902,185129,,Intervet Inc.,P. O. Box 318,LOC-100021219,Millsboro,19966-0318,United States,2025-09-05,2026-05-19
IT/NCR/API/01/2025,181452,,Ningxia Taiyicin Biotech Co. Ltd.,"No 1 Pacific Road, Nuanquan Economic Zone",LOC-100069613,Yinchuan City,750205,China,2025-08-22,2025-12-04
DE_BE_01_NC_2025/01,179579,,Mera Cannabis Corp.,27 Sparling Road,LOC-100087634,St Thomas,N5P 4A4,Canada,2025-07-30,2025-09-11
MT/003NCR/2025,179568,,Ilko Ilac Sanayi Ve Ticaret A.S.,"3 Osb Buyuk Kayacik Mah, Kuddusi Caddesi No 1 23 Sok",LOC-100062012,Selcuklu,42250,Türkiye,2025-07-29,2025-09-10
24.05.05.01-Neuraxpharm,180341,,Zim Laboratories Limited,"B 21/22 M.I.D.C. Area, Kalmeshwar",LOC-100034137,Nagpur,441501,India,2025-07-04,2025-07-11
NL/H 25/2057693,180165,,Indeus Life Sciences Private Limited,"Bal Rajeshwar Road, Mulund West",LOC-100030258,Mumbai,400080,India,2025-06-05,2025-10-14
MT/002NCR/2025,177261,,Vinlab Pharma (Pty) Ltd.,"Bosmans Crossing, Vinlab Building Distillery Road",LOC-100094861,Stellenbosch,7600,South Africa,2025-04-13,2025-05-15
MT/001/NCR/2025,177533,,Karoo Bioscience (Pty) Ltd.,"Portion 13 Of 211, Farm Opzoek",LOC-100096733,Van Wyksdorp,6690,South Africa,2025-04-07,2025-05-12
PE010-4837,177178,,Nectar Life Sciences Limited,"Unit II Village Saidpura, Tehsil Dera Bassi",LOC-100029430,Sahibzada Ajit Singh Nagar,140507,India,2025-02-11,2025-05-05
PE010-4837,184843,,Ceph Lifesciences Private Limited,"Unit II Village Saidpura, Sahibzada Ajit Singh Nagar, Derabassi",LOC-100101295,S.A.S Nagar,140507,India,2025-02-11,2025-05-05
PE010-4529,175382,0728,Super's Diana S.L.,Carretera C-17 Km 17,LOC-100059616,Parets Del Valles,08150,Spain,2024-12-12,2025-02-06
BE/NC/2024/01,175388,,Maithili Life Sciences Private Limited,"Plot No 2, Apiic Industrial Estate, Gajulamandyam, Tirupati",LOC-100069941,Renigunta,517520,India,2024-11-29,2025-01-13
MT/005NCR/2024,173560,,Maxheal Pharmaceuticals (India) Limited,Plot No 95/6 Midc Satpur,LOC-100061928,Nashik,422007,India,2024-10-08,2024-11-12
IT/NRC/01/H/2024,170757,aM103/2023,Terhormon S.p.A.,Via Nibbiola Snc,LOC-100023721,Terdobbiate,28070,Italy,2024-06-20,2024-07-03
ISC.41.28.2024.DO,182060,231/0315/15,World Markets Sp. z o.o.,Ul. Hutnicza 10,LOC-100020482,Lublin,20-218,Poland,2024-06-05,2025-12-05
BE/NC/2024/02,174931,,Yung Shin Pharm. Ind. Co. Ltd.,27 Kung Chiu Road,LOC-100034090,Tachia,43769,Taiwan,2024-05-31,2025-01-13
EDQM/H 24/2023-039-P01,171615,,Anhui Bayi Chemical Industry Co. Ltd.,"Mokehou Industrial Park, No 1369 Jintuo Road, Huaishang",LOC-100078504,Bengbu,233000,China,2024-05-29,2024-08-16
MT/002NCR/2024,170831,,Emil Pharmaceutical Industries Private Limited,"Plot No J 76, M.I.D.C. Tarapur, Dist Palghar",LOC-100091903,Boisar,401506,India,2024-05-15,2024-07-02
MT/001NCR/2024,169439,,Akriti Pharmaceuticals Private Limited,"Plot No D10 And D11, Midc Industrial Estate, Jejuri, Taluka Purandhar Saswad",LOC-100053554,Pune,412303,India,2024-04-07,2024-05-06
6.2.1-2024-045524,170625,,Amara Labs Private Limited,"Plot No 73c/4, Anrich Industrial Estate I D A Bollaram, Sangareddy",LOC-100062151,Jinnaram,502325,India,2024-03-14,2024-06-26
IPN.41.10.2024.AWL,172256,011/0233/15,Przedsiebiorstwo Farmaceutyczne Okoniewscy Vetos Farma Sp. z o.o.,Ul. Pocztowa 6,LOC-100012701,Bielawa,58-260,Poland,2024-02-21,2024-09-23
IPN.41.10.2024.AWL,172258,011_0233/15,Przedsiebiorstwo Farmaceutyczne Okoniewscy Vetos Farma Sp. z o.o.,Ul. Pocztowa 6,LOC-100012701,Bielawa,58-260,Poland,2024-02-21,2024-09-23
IPN.41.10.2024.AWL,172257,011_0233/15,Przedsiebiorstwo Farmaceutyczne Okoniewscy Vetos Farma Sp. z o.o.,Ul. Pocztowa 6,LOC-100012701,Bielawa,58-260,Poland,2024-02-21,2024-09-23
24/03997,169309,,Everest Organics Limited,"Aroor Village, Sangareddy District",LOC-100053625,Sadasivpet,502291,India,2024-02-07,2024-04-29
002/24/MC/kg,168159,,Cubit Lifesciences Limited Liability Partnership,"Plot No 39 - 40, Nr Kerala Gidc Tal, Ozone Industrial Park",LOC-100078794,Bhayla,382220,India,2024-02-01,2024-03-07
MT/003NCR/2024,166971,,Saga Lifesciences Limited,"Survey No. 198/2 And 198/3, Chachrawadi Vasna, Ta Sannand",LOC-100053372,Ahmedabad,382210,India,2023-11-29,2024-01-19
FIMEA/2023/006158,168136,,Liaoyuan City Baikang Pharmaceutical Co. Ltd.,"No 2858 Wealth Road, Economic Development Zone",LOC-100061677,Liaoyuan,136200,China,2023-11-10,2024-03-06
INS-484367-101052478,169602,,PT Novell Pharmaceutical Laboratories,"Jalan Wanaherang No 35, Tlanjung Udik Additional Details: Sterile manufacturing areas in NBL-1 and NBL-2",LOC-100002168,Gunung Putri,16962,Indonesia,2023-11-02,2024-04-26
NCALG/2024/001,173624,,Algorithm s.a.l.,"Sea Road Zouk Mosbeh, P. O. Box 11-962",LOC-100054078,Beirut,1107 2060,Lebanon,2023-10-05,2024-11-20
FR_001_NCR_2024,167786,,Haimen Pharma Inc.,"No 163 Zhuhai Road Binjiang Street, Haimen District",LOC-100069036,Nantong,226100,China,2023-08-25,2024-02-12
2024/IE/33953,171378,,Avenza Pharmaceuticals Private Limited,"Block No. 111 1, Jarod Samlaya Road, Vadadala, Savli",LOC-100091827,Vadodara,391445,India,2023-08-25,2024-08-02
MT/002/NCR/2023,163487,,Beximco Pharmaceuticals Limited,"Tongi, 126 Kathaldia Auchpara",LOC-100060917,Gazipur,1711,Bangladesh,2023-08-01,2023-09-07
NCEMIX/2025/001,177879,044,Emix Limited,"Niriidon 5, Strovolos",LOC-100034605,Nicosia,2045,Cyprus,2023-04-11,2025-06-19
MT/001NCR/2023,156891,,Bda Health Care Private Limited,"B 1 B 2 B 3 Midc Parseoni, Near Government Iti",LOC-100076523,Nagpur,441105,India,2022-12-08,2023-01-17
22MPP077NCR,162107,,Givaudan-Lavirotte,56 Rue Paul Cazeneuve,LOC-100028130,Lyon,69008,France,2022-10-21,2023-07-11
NCF/015/RO,159255,56F,Biogalenica Project & Consulting S.R.L.,Splaiul Unirii Nr 313 Corp Cladire Ea Etaj 1 Sector 3 Camerele 1 16,LOC-100019201,Bucharest,COD 030138,Romania,2022-04-05,2023-03-22
NCF/014/RO,159254,28F,Linde Gaz Romania S.R.L.,Bulevardul Muncii Nr 18,LOC-100007340,Cluj-Napoca,400641,Romania,2022-03-31,2023-03-22
BE/NC/2022/01,146009,,Emergent Manufacturing Operations Baltimore LLC,5901 East Lombard Street,LOC-100061324,Baltimore,21224-6824,United States,2021-10-29,2022-04-01
OGYEI/37756-2/2021,129602,HU-M-PLCT,PLAZMACENTRUM Korlátolt Felelősségű Társaság / PLAZMACENTRUM Kft.,Rákóczi út 42.,,Budapest,1072,Hungary,2021-06-02,2021-06-10
24-2525.05-002,141264,DE_TH_01H_MIA_2019_0018,Anthroposan Homoeopharm Produktionsgesellschaft mbH,Ohrdrufer Str. 15,,Geraberg,98716,Germany,2020-12-09,2021-11-12
CH20-0566,125802,,Legacy Pharmaceuticals Switzerland GmbH,Rührbergstrasse 21,,Birsfelden,4127,Switzerland,2020-08-28,2020-09-30
INS-482723-12976686,94702,482723,Lupuca Pharma GmbH,Gewerbering 4,,Grafenwörth,3484,Austria,2020-05-14,2020-06-30
CH20-0177,85650,,DISHMAN CARBOGEN AMCIS LIMITED,"Survey No. 47 & 48, Paiki Sub Plot No. 1, Taluka Sanand, District Ahmedabad",,Village Lodariyal,382 220,India,2020-02-28,2020-04-20
sukls245726/2019,63220,sukls78312/2017,VAKOS XT a.s.,Pernerova 646/28a,LOC-100010666,Praha 8,18600,Czechia,2019-11-05,2019-11-22
sukls245726/2019,63181,sukls78312/2017,VAKOS XT a.s.,Pernerova 32/10,LOC-100010585,Praha 8,186 00,Czechia,2019-11-05,2019-11-22
Insp GMP 31201/349094-0009 NCR,74759,,MEDOPHARM PRIVATE LIMITED,"NO. 50 KAYARAMBEDU VILLAGE, GUDUVANCHERY",LOC-100029702,CHENGALPET DISTRICT,IN-603202,India,2019-10-16,2020-02-13
sukls256173/2019,63486,,MEHTA API Pvt. Ltd.,"Gut No. 546, 571, 519 & 520, Village Kumbhavali, Tarapur, District Palghar",LOC-100042931,BOISAR,401506,India,2019-09-11,2019-11-25
19MPP051NCR01,57137,,"Jiangxi Dongfeng Pharmaceutical Co., Ltd","1 Dongfeng Road, Leping Industrial Park",LOC-100061680,Leping City,333300,China,2019-06-27,2019-10-17
MT/001NCR/2019,63960,,Zenabis Ltd,1668 Fosters Way,LOC-100061723,Delta,V3M 6S6,Canada,2018-12-16,2019-11-27
INS-482440-0006-013,52113,482440,Mycoplasma Biosafety Services GmbH - Bio Tech Center Muthgasse,Muthgasse 11 / 2,,Wien,1190,Austria,2018-05-03,2019-01-28
