report_number,first_seen_stamp,first_seen_datetime,in_live_register_2026_09_22
14MPP024,20140312224254,"Wed, 12 Mar 2014 22:42:54 GMT",no
13MPP057,20140312224254,"Wed, 12 Mar 2014 22:42:54 GMT",no
sukls186744/2013,20140312224254,"Wed, 12 Mar 2014 22:42:54 GMT",no
INS14-013iV2,20140312224254,"Wed, 12 Mar 2014 22:42:54 GMT",no
13/13258-14,20140312224254,"Wed, 12 Mar 2014 22:42:54 GMT",no
13MPP056,20140312224254,"Wed, 12 Mar 2014 22:42:54 GMT",no
UK API 8913 Insp GMP 8913/18322-0006 - NCR,20140423170322,"Wed, 23 Apr 2014 17:03:22 GMT",no
14IPP036,20140423170322,"Wed, 23 Apr 2014 17:03:22 GMT",no
4.1.2-2013-074082,20140423170322,"Wed, 23 Apr 2014 17:03:22 GMT",no
UK MIA 34140 Insp GMP/IMP 34140/113925-0006 NCR,20140423170322,"Wed, 23 Apr 2014 17:03:22 GMT",no
UK MANA 34140 Insp GMP/IMP 34140/113925-0006 NCR,20140423170322,"Wed, 23 Apr 2014 17:03:22 GMT",no
UK MIA(IMP) 34140 Insp GMP/IMP 34140/113925-0006 NCR,20140423170322,"Wed, 23 Apr 2014 17:03:22 GMT",no
14MPP018,20140423170322,"Wed, 23 Apr 2014 17:03:22 GMT",no
UK GMP 31450 Insp GMP 31450/360311-0005 NCR,20140423170322,"Wed, 23 Apr 2014 17:03:22 GMT",no
IT/NCR/API/1/2014,20140729195614,"Tue, 29 Jul 2014 19:56:14 GMT",no
Insp GMP 43237/10065539-0001 NCR,20140729195614,"Tue, 29 Jul 2014 19:56:14 GMT",no
UK GMP 8913 INSP GMP 8913/18322-0005 - NCR,20140729195614,"Tue, 29 Jul 2014 19:56:14 GMT",no
UK MIA(IMP) 11412 Insp GMP/IMP 11412/2180-0012 NCR,20140729195614,"Tue, 29 Jul 2014 19:56:14 GMT",no
UK MIA 11412 Insp GMP/IMP 11412/2180-0012 NCR,20140729195614,"Tue, 29 Jul 2014 19:56:14 GMT",no
14MPP078,20141114170301,"Fri, 14 Nov 2014 17:03:01 GMT",no
IT/NCR/API/3/2014,20141114170301,"Fri, 14 Nov 2014 17:03:01 GMT",no
UK GMP 8913 Insp GMP 8913/378537-0004 NCR,20141114170301,"Fri, 14 Nov 2014 17:03:01 GMT",no
IT/NCR/API/2/2014,20141114170301,"Fri, 14 Nov 2014 17:03:01 GMT",no
NCF/010/RO,20141114170301,"Fri, 14 Nov 2014 17:03:01 GMT",no
1013/2014/06/20,20141114170301,"Fri, 14 Nov 2014 17:03:01 GMT",no
NCR/HPF/FR/1/2013 update,20141217112407,"Wed, 17 Dec 2014 11:24:07 GMT",no
24.30.12/06,20141217112407,"Wed, 17 Dec 2014 11:24:07 GMT",no
SGICM/INSP/LG,20141217112407,"Wed, 17 Dec 2014 11:24:07 GMT",no
DE-NI-04-20141029,20141217112407,"Wed, 17 Dec 2014 11:24:07 GMT",no
IT/ GMP/NCR/INT/1-2014,20141225143738,"Thu, 25 Dec 2014 14:37:38 GMT",no
14MPP092,20150323113049,"Mon, 23 Mar 2015 11:30:49 GMT",no
481780,20150323113049,"Mon, 23 Mar 2015 11:30:49 GMT",no
NCF/011/RO,20150621102603,"Sun, 21 Jun 2015 10:26:03 GMT",no
INSP 2015-002 P01,20150621102603,"Sun, 21 Jun 2015 10:26:03 GMT",no
UK MIA 20395 Insp GMP 20395/618199-0006 NCR,20150621102603,"Sun, 21 Jun 2015 10:26:03 GMT",no
15MPP013,20150621102603,"Sun, 21 Jun 2015 10:26:03 GMT",no
15UMB038,20151012122801,"Mon, 12 Oct 2015 12:28:01 GMT",no
IT/NCR/API/2/2015,20151012122801,"Mon, 12 Oct 2015 12:28:01 GMT",no
IT/NCR/API/3/2015,20151012122801,"Mon, 12 Oct 2015 12:28:01 GMT",no
IT/NCR/API/1/2015,20151012122801,"Mon, 12 Oct 2015 12:28:01 GMT",no
NL/H 15/1004683,20151012122801,"Mon, 12 Oct 2015 12:28:01 GMT",no
DICM/INSP/FS/ACS,20170209142455,"Thu, 09 Feb 2017 14:24:55 GMT",no
IT/GMP/E/1-2017,20170209142455,"Thu, 09 Feb 2017 14:24:55 GMT",no
DK H 00083517,20170209142455,"Thu, 09 Feb 2017 14:24:55 GMT",no
DICM/INSP/AMG/MBP/ACS,20170209142455,"Thu, 09 Feb 2017 14:24:55 GMT",no
ES/NCR/GMP/1/2018,20180529030556,"Tue, 29 May 2018 03:05:56 GMT",no
UK GMP 34886 Insp GMP 34886/1148567-0005 NCR,20180529030556,"Tue, 29 May 2018 03:05:56 GMT",no
UK GMP Insp GMP 19756/12594-0009 NCR,20180529030556,"Tue, 29 May 2018 03:05:56 GMT",no
MT/001NCR/2018,20180529030556,"Tue, 29 May 2018 03:05:56 GMT",no
SK/001NC/2018,20190124131639,"Thu, 24 Jan 2019 13:16:39 GMT",no
UK MIA 17907 Insp GMP 17907/13988-0029 NCR,20190124131639,"Thu, 24 Jan 2019 13:16:39 GMT",no
UK GMP 22481 Insp GMP 22481/117371-0004 NCR,20190124131639,"Thu, 24 Jan 2019 13:16:39 GMT",no
IT/NCR/API/3/2018,20190124131639,"Thu, 24 Jan 2019 13:16:39 GMT",no
18MPP079NCR01,20190124131639,"Thu, 24 Jan 2019 13:16:39 GMT",no
DE_BE_01_NC_2025/01,20251018144518,"Sat, 18 Oct 2025 14:45:18 GMT",yes
MT/003NCR/2025,20251018144518,"Sat, 18 Oct 2025 14:45:18 GMT",yes
NL/H 25/2057693,20251018144518,"Sat, 18 Oct 2025 14:45:18 GMT",yes
NL/V 25/V2057208,20251018144518,"Sat, 18 Oct 2025 14:45:18 GMT",no
NL/V/25/V2057208,20251018144518,"Sat, 18 Oct 2025 14:45:18 GMT",no
IT/NRC/01/H/2025,20251114045804,"Fri, 14 Nov 2025 04:58:04 GMT",yes
FT127/MH/001/2026/NCR,20260320163859,"Fri, 20 Mar 2026 16:38:59 GMT",yes
NNGYK/11120-1/2026,20260320163859,"Fri, 20 Mar 2026 16:38:59 GMT",yes
MT/001NCR/2026,20260320163859,"Fri, 20 Mar 2026 16:38:59 GMT",yes
CH25-0004,20260320163859,"Fri, 20 Mar 2026 16:38:59 GMT",yes
